id,p_id,p_name,p_field,publishedtime,p_views,p_appreciations,p_comments,u_id,u_name,createdtime,followers,u_views,u_appreciations
2,43394133,Optic | Augmented Reality Helmet,Industrial Design,1004,21869,2176,50,11496477,richardleyprice,1605,1285,31640,3120
3,6579685,C-Thru; Smoke Diving Helmet,Industrial Design,2364,45675,1972,69,103343,omerhaciomeroglu,3708,1524,68763,3302
5,14339697,POC Brand identity project ,Industrial Design,1970,18373,1259,28,2614803,spancioli,2254,2516,65290,4929
6,47164771,Future Football Helmet Design Case Study,Art Direction,875,11886,1224,78,2009563,danestorrusten,2372,4005,134419,10778
7,65584821,EVO - Kitesurfing helmet,Industrial Design,411,8848,1144,46,6189527,Tiefenbacher,1848,1521,40113,4179
8,50208055,SOUNDSHIELD / Helmet and Headphones Combined,Industrial Design,836,8036,1123,53,16249425,juangm,1428,2205,53924,4688
14,20105269,CAT: Hardhat,Industrial Design,1736,9894,786,33,2236111,Jazzhands,2324,851,27399,2239
15,44114935,MSC Helmet,Industrial Design,980,5898,749,24,1877643,pfrancoz,2408,3476,107052,8455
17,31291433,100% Aircraft MTB Helmet,Industrial Design,1321,5907,654,37,366103,torkehagen,3029,1962,52689,5855
18,4140647,TANDEM -,Automotive Design,2074,5817,640,30,1222421,GermainVERBRACKEL,2581,974,24823,1649
19,16280103,Ski Helmet,Drawing,1896,8110,618,3,5685973,FlorianQuertinmont,1897,946,32279,2591
20,10744663,Motocross Helmet,Engineering,2125,6666,587,18,3453939,dergoldstein,2125,1675,97787,5607
22,15751911,CARTER,Industrial Design,1917,5272,535,27,2113927,levijacobprice,2349,4109,151351,10814
26,9202533,Ski Helmet + Goggle,Industrial Design,2213,6170,452,18,1534117,hsuandi,2496,521,24786,1260
27,57315843,Brooks England Harrier Helmet,Industrial Design,634,6129,421,14,4050445,nelsonwah,2061,1223,41498,2651
31,40534949,Catlike - Cloud 352,Industrial Design,1085,1683,357,1,4639923,alonsobd,1998,579,40377,7756
34,31776589,eHat Systems,Industrial Design,1299,4775,340,3,170909,katapultdesign,3331,2073,63213,5039
40,67140187,Helemetric - parametric helmet,Industrial Design,370,2087,298,11,47944297,iamhr8011,1006,192,4041,441
43,23399279,DIATHOM HELMET,Fashion,1607,3023,284,8,11427907,infoc326,1608,160,6363,525
51,48874751,Catlike Yelmo,Industrial Design,865,1018,237,1,4639923,alonsobd,1998,579,40377,7756
52,57273905,Brooks England Island Helmet,Industrial Design,639,2573,236,5,4050445,nelsonwah,2061,1223,41498,2651
53,8069473,GLOBE Helmet,Industrial Design,2273,3601,236,2,2379991,benjamincoughlin,2295,166,5593,395
57,9444357,HYPERION | Mining operator's helmet for Atlas Copco,Industrial Design,2200,3347,215,4,1981625,kimrisager,2382,219,7338,361
58,76144135,KnOt_Snow Helmet,Industrial Design,140,1276,207,7,1753535,marinedemeyere,2440,445,10364,1239
62,32146389,Auto Helmet,Industrial Design,1293,2184,178,9,14073425,hudsonrio,1497,501,9849,793
72,5972465,Adidas Rugby helmet,Industrial Design,2415,2712,147,7,1849737,CASTELLMickael,2416,745,21106,1287
73,63958017,Helmet Challenge,Automotive Design,454,1101,146,7,494943,thomasparel,2940,514,14205,983
74,10538723,Shred Ready,Industrial Design,2137,2109,139,11,1781983,cgrill,2432,739,15042,1327
82,56042245,100% Status Helmet,Industrial Design,647,1038,131,6,366103,torkehagen,3029,1962,52689,5855
89,69989221,URBAN HELMET - CONCEPT,Product Design,295,1645,120,0,9245955,lorenzomariotti,1710,1306,45319,3492
91,3872873,Nu. Rain Hockey Helmet,Industrial Design,2609,1325,114,5,1116532,manuel_leveille,2621,104,1325,114
92,46636843,racing helmet,Industrial Design,920,1988,114,3,13433345,masamaro,1521,1240,32192,2429
93,55940103,Sponsored Studio: Xenith : DNA,Industrial Design,679,877,113,8,4624877,WilliamTurner,1999,649,16459,1424
95,58734545,Rossignol helmet,Industrial Design,596,754,108,2,2168425,genez,2338,619,17198,1201
97,16698337,Warrior: Sponsored Studio Project ,Industrial Design,1881,1153,105,0,1948039,NicoRuggeri,2391,106,2951,200
100,11030219,RAWLINGS S100 HELMET,Illustration,2109,1608,97,1,694424,itsbrandon,2817,206,7266,329
101,64188491,P O L A R Helmet,Industrial Design,448,994,97,2,26403823,alexisfilloux,1253,126,3266,304
105,18306481,Helmet Design,Costume Design,1814,1124,93,4,1362367,orlandomendoza,2536,729,24531,2364
107,48870051,SALOMON BRIGADE HELMET,Industrial Design,866,707,92,2,6029595,fabricehemon,1862,176,7388,466
114,63749115,Bicycle Helmet,Industrial Design,460,786,83,3,28515369,groom-design,1224,1446,39603,2708
117,13202329,Kortex Helmet,Fashion Styling,2021,1170,80,2,2803677,Zachary_Massos,2222,187,5363,338
121,29168155,Helmet design/personal project,Industrial Design,1399,689,77,2,17298801,liuyangspace,1399,16,689,77
122,48781821,HELMET - 3D SOUND TECHNOLOGY,Industrial Design,867,874,77,3,4366633,ALbrassart,2032,808,27029,2487
123,68316827,CBH_01 - Circular Bike Helmet,Industrial Design,333,544,77,5,5533973,Fynn_Eckstein,1913,79,4386,267
126,10471225,iXS Helmet Design,Industrial Design,1949,1177,73,3,437807,johnlarkin,2979,52,2899,91
129,52271325,Gridiron Labs 2030 NFL Helmet,Industrial Design,788,1027,72,5,2858121,christopherarmstrong,2212,313,13296,877
130,68668563,Elite Helmet Project,Industrial Design,331,680,71,4,84325,FutureElements,3910,4210,158011,11739
134,39032399,All-Mountain MTB Helmet WIP,Industrial Design,401,650,68,3,1177665,Tom_Sykes,2599,492,14981,947
140,13133175,Thomas Thorne Racing Helmet,Automotive Design,2023,983,64,1,1299087,Row0,2557,2463,155706,8668
142,16540221,Motorcycle Helmet for Deus Ex Machina ,Automotive Design,1887,1824,63,4,3983947,davehansung,2068,76,2898,110
143,566648,Roller hockey head protection,Industrial Design,3283,2256,63,5,160242,felipemq,3383,83,11021,356
144,34106160,Safety with Style.,Industrial Design,1229,745,62,2,2670551,Hugo_Martin,2245,541,19445,1294
145,70832697,Hexodeus - Leviathan Helmet,Industrial Design,273,487,60,2,36063845,AlexandreFerra,1125,724,16120,1838
146,14068359,Helmet - Design - Develop,Automotive Design,1980,518,56,1,2522255,tans-design,2272,367,6960,953
148,16046867,Helmet & A Bag,Fashion,1906,1473,54,3,2260917,DeanRom,2319,42,4040,148
149,3388371,Buhel D01 - Boneconductive Headphone For Helmets,Automotive Design,2663,2974,54,3,362447,givingshape,3031,671,73420,2603
150,6415593,Industrial design,Engineering,2381,785,53,1,1930543,edupovarchik,2396,114,4449,135
151,6669251,Motocross Helmet: Form Development,Industrial Design,2358,1687,53,1,1066681,jhharris,2638,292,33217,660
152,30902175,Road Bike Helmet Concept,Industrial Design,1336,595,52,1,4569397,alessandronotario,2005,245,8729,462
154,62822419,Closca. Logo design,Graphic Design,483,1000,52,1,133626893,democracia,504,2783,140721,12021
155,12136835,REDUAL - RedSnowboard - 2011,Industrial Design,2054,884,51,0,1026381,brunopeccoud,2656,201,4223,190
159,18959673,COVERED | Pony tail Compatible Helmet ,Industrial Design,1785,758,50,3,7293871,Marc_brosseau,1792,1577,51372,3822
166,27107117,TERRAFLEX: Adaptable Helmet System,Industrial Design,1477,578,45,2,2971161,TrevorJMast,2196,57,4580,150
172,34483347,SOLUZ,Industrial Design,1086,606,43,1,6973587,inesalvarez,1811,63,2382,162
173,35218551,MX HELMET CONCEPT for O'NEAL,Animation,1198,633,43,1,1817463,kamuii,2424,628,14690,1399
177,67946141,Multi-sport Helmet for Children,Industrial Design,336,209,42,3,5479011,ganagnostakis,1920,118,5068,606
185,67671515,Orogeni: Multi-Sport Helmet For Kids,Industrial Design,357,689,39,4,26122799,BestBanana,1257,47,1636,136
194,21088695,Scott USA Profile Helmet,Industrial Design,1698,470,34,0,8264055,jibbett9d64,1733,76,4052,263
197,15322461,RES-Q Modular Fire Helmet,Industrial Design,1933,716,33,0,5207431,cllw,1949,39,2034,73
198,23427439,Lockmet,Industrial Design,1606,625,33,0,10881819,saumyaarora,1630,52,2905,143
206,44717439,SCUDO - Motorbike Headgear,Industrial Design,969,378,32,3,12377161,saurabhjoshi,1565,37,2173,181
211,23524299,Bike Helmet,Industrial Design,1602,449,30,2,11527079,LucasCorrea93,1603,100,13544,1020
214,10818893,HED SVRS - Amphibious Head Protection,Industrial Design,2120,1299,29,0,2493267,timotheosleahy,2276,106,6856,178
219,8689007,Pearl Freeride Helmet,Industrial Design,2238,605,29,0,2691439,tero_jakku,2241,155,6182,257
226,14987019,Bicycle Helmet,Industrial Design,1946,726,26,0,5231053,Ashley_Shelton,1946,88,5147,201
227,35856753,Rosenbauer Heros Titan,Industrial Design,1180,569,26,0,4055805,julianproell,2060,352,19687,1059
230,21691377,EvoShield Batters Helmet,Industrial Design,1674,390,25,0,5075619,davelewandowski,1962,47,3865,180
231,24484991,Cavlit,Industrial Design,1569,266,25,2,4761959,jesal-shah,1987,59,3169,326
233,36646883,Bike Helmet,Industrial Design,1157,337,25,0,12620615,brycehansen,1555,41,1399,101
234,48530333,Firefighter Helmet Concept,Industrial Design,873,291,25,2,17308363,devintran,1398,28,436,44
238,76749047,R1 Cycling Helmet,Industrial Design,126,257,25,2,303812283,seokmoonwoo,144,74,2538,173
241,20196777,Maximum Helmet Concept ,Industrial Design,1733,248,24,0,2615465,iammax,2254,96,3041,179
242,20652873,Adrenaline Helmet,Graphic Design,1714,225,24,4,8997977,ChiaraFiocco,1718,60,3151,299
252,60080679,CLOSCA Foldable Helmet,Industrial Design,557,231,23,0,118807475,juansanzmo4aeb,564,30,589,55
257,29229067,Time Trial Helmet,Industrial Design,1397,327,22,0,4974471,rusaksrg,1972,1092,31381,2687
260,73276023,HÜTEN - safety helmet designed for the oil workers,Industrial Design,210,165,22,0,219852465,haoyuwang,270,45,1214,150
265,69655151,Volvo LX90 Lacrosse Helmet,Industrial Design,291,210,21,3,10400389,Frankesber1203,1656,38,2761,125
273,38149839,Urban Motorcycle Helmet,Illustration,1118,370,19,1,22367203,KevinSchoepfel,1316,51,2732,119
277,24252407,Oldschool Helmet,Automotive Design,1578,548,18,0,9135977,dorukerdem,1714,1358,92430,3327
280,32921249,Cor Winter Cycling Helmet,Industrial Design,1260,330,18,1,19451619,ericdcross,1355,30,1217,75
284,66951785,Helmet intelligent industrial design,Industrial Design,377,274,18,0,18098015,Kreatif-Design,1376,10,307,19
285,68916755,Morpho Helmet,Industrial Design,325,170,18,2,191234773,puregreen3d632,325,48,7873,714
286,10290899,Durarara - Celty helmet 3D model,Costume Design,2152,1357,17,0,3281655,felipe-p-orozco,2152,59,5537,183
288,25576199,RED Tantrum,Industrial Design,1530,199,17,0,8026629,Lacerated1,1747,20,1153,52
290,48527613,Split,Industrial Design,873,258,17,0,17932453,TylerSerra,1380,28,631,45
302,30725103,ORU: Sustainable Bike Helmet,Fashion,1342,313,15,0,12034127,annacormack,1580,48,2183,66
321,22354843,K2 Thermal Imaging Helmet Facelift,Industrial Design,1645,290,13,1,10594841,ElertsMartins,1645,42,1917,121
329,55344657,Panda | Casco infantil,Industrial Design,698,137,13,0,88246033,lucasacurse502,700,22,876,64
333,14105535,Architect's Helmet,Architecture,1979,1032,12,3,4551013,boazdekel,2008,165,14121,480
336,19582727,Cyclist Helmet - Solidworks,Industrial Design,1758,154,12,0,7573563,Meritt_Design,1775,9,531,32
339,25336289,BELL Sports,Industrial Design,1539,243,12,1,8026629,Lacerated1,1747,20,1153,52
341,32782063,1098 Fire Helmet,Industrial Design,1266,286,12,0,9091359,DaveKendall,1715,49,2277,111
350,10303053,Red Bull Bike Helmet,Industrial Design,2151,458,11,0,3286971,mcuellar,2152,7,505,11
352,18304699,MV Agusta / Savoy - Jet Helmet,Automotive Design,1815,232,11,0,1788481,cactushug,2430,156,11057,522
360,37650329,THE DEFENDER,Industrial Design,1130,159,11,0,3900687,StevePuertas,2077,100,3280,211
367,5930865,Bike Helmet,Industrial Design,2419,301,11,0,1178207,sidbhat,2598,27,1243,55
372,75141369,Head Case - A Foldable Motorbike Helmet,Product Design,159,95,11,0,98519663,samhemming8ec3,650,11,272,26
373,82054133,Climbing Helmet - short project,Industrial Design,6,83,11,3,63250181,michaelgolser,880,101,3042,288
374,13135113,Mountain Bike - Full Helmet,Drawing,2023,216,10,0,4448975,gcasagrande,2023,107,4439,273
380,20883243,PSCHHHIIT helmet,Industrial Design,1706,222,10,0,7114323,arthursenant,1804,110,8140,453
381,21569261,Maverick | Farmer Head Protection,Industrial Design,1679,122,10,0,3283137,NickSadowsky,2152,39,2346,108
384,24407963,NFL PIN LOGO,Branding,1572,210,10,0,4010959,MarcoLicea,2065,45,3630,96
385,24546609,Ski Goggle + Helmet,Drawing,1567,250,10,2,1525517,jiaruei,2498,141,11729,363
405,11699309,Photoshop sketch - Fox Helmet concept,Illustration,2073,654,9,0,3881827,marcoboccellato,2079,41,3823,77
409,20803285,Skylotec Climbing Helmet,Industrial Design,1708,211,9,1,7523433,Felix-Design,1778,52,2235,146
412,22132853,helmets-titan design studio/fastrack,Graphic Design,1657,148,9,1,3687299,shubhankitraina,2096,20,1053,102
413,25572441,Jet Helmet with 3D printed decorations,Fashion,1530,164,9,4,13035051,Suraki,1537,26,1618,107
416,27088075,Cycling in the city - Urban helmet design,Industrial Design,1478,109,9,0,14474119,qianxinz,1482,43,1417,145
426,58281573,BAO | Umpire Helmet Concept,Industrial Design,609,111,9,0,103550907,jeremiahet7efe,628,25,1369,71
428,6537029,Helmet Concepts,Industrial Design,2368,418,9,0,1630261,humanscope,2470,25,4835,66
432,16973827,Hard Hat Project ,Advertising,1869,208,8,0,2276987,AlexSnell,2316,41,2462,50
440,31402521,Sleek Ski Helmet CAD Model and Animation,Industrial Design,1319,344,8,1,12140117,mcrizzoni,1575,56,3204,125
441,31616177,S.A.R. Tac Helmet,Engineering,1311,214,8,0,1860553,mitchthompson,2413,118,7562,218
442,34901987,PILOTT Pogona // Bike Helmet Concept,Graphic Design,1207,359,8,0,2079265,SenneVDB,2356,119,22191,596
448,5107665,Giro Reverb Helmet Design,Industrial Design,2484,1010,8,0,437807,johnlarkin,2979,52,2899,91
449,51584071,Vortex Kayaks - Helmet Renders,Industrial Design,806,88,8,1,72371897,DWILKNSON1a8a,808,10,379,26
452,62100623,BLACK CHROME - Gas Mask,Industrial Design,501,76,8,0,642555,drawntothenorth,2845,157,2613,293
454,66811451,Digital Illustration 2018,Illustration,381,94,8,2,22367203,KevinSchoepfel,1316,51,2732,119
467,15063835,Lok Bicycle Helmet for Students,Industrial Design,1943,417,7,0,1428323,sandeepmathew,2521,7,679,8
471,18082681,Rally Helmet,Automotive Design,1824,143,7,0,5861205,toddschmidt,1878,75,3892,274
476,23763831,JT Racing: Helmet & Goggles,Fashion Styling,1594,274,7,0,619608,WingerDesign,2856,197,13094,399
477,25972207,Bolt Convertible Headphones/helmet [product design],Industrial Design,1517,151,7,0,12253047,narayancoolin,1570,24,835,89
478,27320735,"Origine ""MIO""",Art Direction,1470,156,7,0,1197689,360-albertopulita,2591,22,1680,130
482,34564787,TriLo- Foldable open-face motorcycle helmet,Industrial Design,1185,272,7,0,15310275,Unnati_jain,1458,33,683,28
491,51830789,Exo Cardboard Helmet,Industrial Design,798,120,7,1,12034809,charlottezale,1580,44,2088,125
492,52227617,SPECIALIZED HELMET SKETCH,Industrial Design,789,149,7,2,27474752,butterflyiaa5a,1239,80,3700,167
493,53424757,Nitro Motorcycle Helmet,Industrial Design,756,101,7,1,13139793,JackCorrie,1533,22,1076,37
496,61913087,BeepSafe - Mask and Helmet for beep ball player,Industrial Design,506,154,7,0,97233577,makuo,656,20,1093,31
497,61943709,Giro air attack helmet,Industrial Design,505,30,7,0,133124855,daherreraq2e41,506,2,51,13
505,9917499,Cap / Protective Headwear,Industrial Design,2173,218,7,0,3082743,ennisjohn,2180,22,2050,41
507,11205005,Bicycle Helmet 3D Modeling Project,Industrial Design,2099,615,6,0,1948015,vpereira,2391,19,1922,27
515,20293059,Red Bull Helmet,Animation,1729,160,6,1,634090,DrPhilHodgkins,2849,14,2304,66
518,20672331,Lazer SMX ,Graphic Design,1714,79,6,0,8240689,fabrizioricupito,1734,23,2335,145
530,28836947,HELMET 3D DESIGN,Digital Art,1411,146,6,0,1165023,gs_designs,2603,56,6876,171
531,29140703,Bridge,Industrial Design,1399,167,6,0,17267531,giorgiomastropasqua,1399,9,759,33
533,30869861,FACTOR HELMET,Industrial Design,1337,146,6,0,14979493,samsvenssonDESIGN,1468,24,2725,130
551,56142857,bicycle helmet design,Industrial Design,673,93,6,1,9119965,harry760759cf1,1714,21,981,47
553,63153165,Sennheiser - Concept Helmet Speaker,Industrial Design,475,132,6,0,1591621,jakoblukosch,2481,1799,59984,4205
562,11800355,My Helmet,Industrial Design,1970,143,5,0,3352543,alejandrahef,2140,80,2744,66
569,20820367,// EQUESTRIAN HELMET,Branding,1708,92,5,0,9308873,claudiasardinha,1708,6,746,46
586,32961505,Ducati style helmet,Drawing,1261,55,5,0,25406663,Rabano,1268,19,2537,184
595,45941557,Kids Helmet Design,Industrial Design,940,78,5,1,13616931,oaristi,1515,10,814,74
600,5127617,ANTONIO MIRO HELMETS,Graphic Design,2483,189,5,0,548609,victorrigau,2904,19,2306,36
613,75107241,OXYGEN Snowmobile helmet,Industrial Design,162,58,5,0,1012885,sergiomoradesign,2660,373,3798,275
630,19266139,Flexible Bike Helmet,Industrial Design,1772,135,4,0,7619977,alyciawarmus,1772,2,394,25
633,20672589,Nava 109 Titanio,Graphic Design,1714,112,4,0,8240689,fabrizioricupito,1734,23,2335,145
645,27798605,Rendered fireman's helmet,Industrial Design,1452,73,4,1,8352625,mdavisworke2bb,1728,1,96,6
649,32116763,Ben-10 Kids Helmet ,Industrial Design,1294,119,4,0,3167729,rakeshsambath,2167,18,1193,35
664,47885351,Urban Bike Helmet,Industrial Design,887,94,4,0,27155939,lavolivier65e5,1243,18,1153,34
689,70228857,Защитная каска с модулем дополненной реальности,Industrial Design,289,107,4,0,82557987,ira_kosygi4ca6,735,17,1683,74
692,72357697,Corkasco - Casco urbano concept,Industrial Design,232,41,4,0,150604393,charlymoor7b80,437,17,413,45
724,33747358,AirFrame Helmet,Engineering,1240,130,3,0,27006625,saintr,1245,15,1311,31
749,51689821,Downhill MTB Helmet,Industrial Design,803,41,3,1,10205369,devinneumann,1666,10,496,33
751,53744057,INLITE; Water Rescue Helmet,Industrial Design,748,67,3,0,12936035,emmaholroyd,1541,7,120,3
756,55760317,Racing Helmet Concept,Industrial Design,685,65,3,1,60008431,tylerf,906,17,944,35
763,62268413,Oxelo / B-Twin / Wed'Ze Helmet (2018),Industrial Design,393,89,3,0,1664237,cyrilleancely,2462,241,10501,575
764,62855879,MOTOX HELMET,Industrial Design,481,54,3,0,130801497,southbayaj6a8b,514,20,763,39
776,68568891,Bike Helmet,Industrial Design,334,60,3,2,4344289,UPENDRA_91,2034,29,1881,62
850,45947639,SHEL SONIC ENTERPRISE,Graphic Design,940,31,2,0,8317283,temmytandean,1729,16,1504,119
858,50409571,Helmet,Industrial Design,832,18,2,0,28176663,MironaStancu,1229,6,1182,89
